{
        "bread":"on the desk",
        "desk coordinates":{
        "frame_id": "map",
        "position":{
          "x": -2.36929392815,
          "y": -1.8611330986,
          "z": 0.0
        },

        "orientation":{ 
          "x": 0.0,
          "y": 0.0,
          "z": 0.963896022936,
          "w": -0.266278908228
        }
}

}


